{
    "val/loss": 0.033267032355070114,
    "train/loss": 0.03734072297811508,
    "train/mae": 0.03734072297811508,
    "train/smooth": 1.4653510110030602e-15,
    "epoch_time": 2.0541319847106934
}