{
    "val/loss": 0.2728056013584137,
    "train/loss": 0.3823647201061249,
    "train/mae": 0.3823647201061249,
    "train/smooth": 0.0,
    "epoch_time": 0.19447088241577148
}