{
    "val/loss": 0.1581588089466095,
    "train/loss": 0.2783764898777008,
    "train/mae": 0.3594151735305786,
    "train/smooth": 0.0,
    "epoch_time": 0.0411679744720459
}