{
    "val/loss": 0.022457262501120567,
    "train/loss": 0.03480130434036255,
    "train/mae": 0.03480130434036255,
    "train/smooth": 0.0021936933044344187,
    "epoch_time": 2.121906042098999
}