{
    "val/loss": 0.1622290015220642,
    "train/loss": 0.2783335745334625,
    "train/mae": 0.35962000489234924,
    "train/smooth": 1.3220969208305178e-07,
    "epoch_time": 0.3677539825439453
}