{
    "val/loss": 0.03143547475337982,
    "train/loss": 0.03573339805006981,
    "train/mae": 0.03573289513587952,
    "train/smooth": 0.005007224157452583,
    "epoch_time": 0.9112093448638916
}