{
    "val/loss": 0.2521136999130249,
    "train/loss": 0.3584483563899994,
    "train/mae": 0.3584483563899994,
    "train/smooth": 1.5267629294157814e-07,
    "epoch_time": 0.37435173988342285
}