{
    "val/loss": 0.022455526515841484,
    "train/loss": 0.03657440468668938,
    "train/mae": 0.03657440468668938,
    "train/smooth": 0.001463273772969842,
    "epoch_time": 11.502126216888428
}