{
    "val/loss": 0.0027665128000080585,
    "train/loss": 0.0029426123946905136,
    "train/mae": 0.04182923212647438,
    "train/smooth": 0.0,
    "epoch_time": 0.6157472133636475
}