{
    "val/loss": 0.47363102436065674,
    "train/loss": 0.5959979295730591,
    "train/mae": 0.5959979295730591,
    "train/smooth": 4.7990685203558314e-08,
    "epoch_time": 15.479411363601685
}