{
    "val/loss": 0.24887865781784058,
    "train/loss": 0.3579716682434082,
    "train/mae": 0.3579716682434082,
    "train/smooth": 6.8169571584028674e-15,
    "epoch_time": 1.975559949874878
}