{
    "val/loss": 0.03350946307182312,
    "train/loss": 0.03381247818470001,
    "train/mae": 0.03381247818470001,
    "train/smooth": 7.09623854566584e-18,
    "epoch_time": 1.530390977859497
}