{
    "val/loss": 0.022445812821388245,
    "train/loss": 0.035605981945991516,
    "train/mae": 0.035605981945991516,
    "train/smooth": 0.001521238824352622,
    "epoch_time": 2.605797052383423
}