{
    "val/loss": 0.023548753932118416,
    "train/loss": 0.03521038964390755,
    "train/mae": 0.035210125148296356,
    "train/smooth": 0.0025990474969148636,
    "epoch_time": 15.778294086456299
}