{
    "val/loss": 0.030956219881772995,
    "train/loss": 0.037603601813316345,
    "train/mae": 0.037603601813316345,
    "train/smooth": 0.0,
    "epoch_time": 0.6139400005340576
}