{
    "val/loss": 47.43315124511719,
    "train/loss": 56.91669464111328,
    "train/mae": 733.8416137695312,
    "train/smooth": 0.0001161871332442388,
    "epoch_time": 0.3617701530456543
}