{
    "val/loss": 0.024422170594334602,
    "train/loss": 0.037581268697977066,
    "train/mae": 0.037581268697977066,
    "train/smooth": 0.0,
    "epoch_time": 5.315274953842163
}