{
    "val/loss": 0.22203034162521362,
    "train/loss": 0.3718699812889099,
    "train/mae": 0.3718699812889099,
    "train/smooth": 0.0,
    "epoch_time": 5.140736103057861
}