{
    "val/loss": 0.4863758087158203,
    "train/loss": 0.5710009336471558,
    "train/mae": 0.5709438920021057,
    "train/smooth": 0.5717174410820007,
    "epoch_time": 15.936810970306396
}