{
    "val/loss": 0.03292730823159218,
    "train/loss": 0.04211806133389473,
    "train/mae": 0.04211805760860443,
    "train/smooth": 4.34064568253234e-05,
    "epoch_time": 0.6354470252990723
}