{
    "val/loss": 0.023249812424182892,
    "train/loss": 0.03520337492227554,
    "train/mae": 0.03520337492227554,
    "train/smooth": 0.0017883984837681055,
    "epoch_time": 11.926122188568115
}