{
    "val/loss": 0.022894173860549927,
    "train/loss": 0.03504952788352966,
    "train/mae": 0.03504933416843414,
    "train/smooth": 0.0019690433982759714,
    "epoch_time": 2.13486909866333
}