{
    "val/loss": 0.02401810511946678,
    "train/loss": 0.040399618446826935,
    "train/mae": 0.040399618446826935,
    "train/smooth": 0.0,
    "epoch_time": 0.6965951919555664
}