{
    "val/loss": 0.024271873757243156,
    "train/loss": 0.022299014031887054,
    "train/mae": 0.022299014031887054,
    "train/smooth": 0.009711168706417084,
    "epoch_time": 15.451805114746094
}