{
    "val/loss": 0.024218732491135597,
    "train/loss": 0.03485747054219246,
    "train/mae": 0.03485747054219246,
    "train/smooth": 0.0037762862630188465,
    "epoch_time": 11.76950216293335
}