{
    "val/loss": 0.25048989057540894,
    "train/loss": 0.3579692542552948,
    "train/mae": 0.3579692542552948,
    "train/smooth": 3.2172894787207452e-15,
    "epoch_time": 1.7342090606689453
}