{
    "val/loss": 0.03228253498673439,
    "train/loss": 0.04063382372260094,
    "train/mae": 0.04063363000750542,
    "train/smooth": 0.0020173497032374144,
    "epoch_time": 0.9105420112609863
}