{
    "val/loss": 0.027780404314398766,
    "train/loss": 0.037906214594841,
    "train/mae": 0.037906214594841,
    "train/smooth": 0.0,
    "epoch_time": 11.096662044525146
}