{
    "val/loss": 0.0028555551543831825,
    "train/loss": 0.14358404278755188,
    "train/mae": 0.13337191939353943,
    "train/smooth": 2.22460769805366e-07,
    "epoch_time": 2.5636379718780518
}