{
    "val/loss": 25.353158950805664,
    "train/loss": 82.56990051269531,
    "train/mae": 689.1774291992188,
    "train/smooth": 1.899032326946326e-07,
    "epoch_time": 0.3914072513580322
}