{
    "val/loss": 0.02454603835940361,
    "train/loss": 0.04512647166848183,
    "train/mae": 0.04512647166848183,
    "train/smooth": 1.7732968871086996e-08,
    "epoch_time": 15.097680807113647
}